date,strategy,real,net,hedged,view
2026-09-15,Short Straddle,-5290.361783934999,-4536.815768490599,False,neutral
2026-09-15,Buy Call,-6872.582998271501,-8794.77560178933,True,bullish
2026-09-15,Sell Put,-11271.265073311999,-12398.982266855535,False,bullish
2026-09-15,Bull Put Spread,-1884.097417403997,-2234.572305462609,True,bullish
2026-09-15,Long Synthetic Future,-18741.967581435,-21828.80498078159,False,bullish
2026-09-15,Buy Put,11545.8925293365,12714.489370727533,True,bearish
2026-09-15,Bear Put Spread,1635.4864427910018,1608.9619573383975,True,bearish
2026-09-15,Put Ratio Back Spread,7393.290468745497,8630.990778324513,True,bearish
2026-09-15,Bear Condor,-1133.8205357839993,-591.237361335518,True,bearish
2026-09-15,Bear Butterfly,-33.63416259199482,-565.980330375968,True,bearish
2026-09-15,Short Synthetic Future,18124.915328565,21211.7029812292,False,bearish
2026-09-15,Put Ratio Spread,-8227.719643754497,-9449.365456050738,False,other
2026-09-15,Long Straddle,4673.309531064999,3919.7137689382034,True,other
2026-09-15,Strip,16266.4020604015,16681.403139665737,True,other
2026-09-15,Strap,-2152.0734672065014,-4827.8618328511275,True,other
2026-09-16,Short Straddle,582.7454126710029,328.93040589459247,False,neutral
2026-09-16,Iron Butterfly,-253.45597266049776,-555.967613856257,True,neutral
2026-09-16,Short Strangle,369.1505391399997,335.3353799294147,False,neutral
2026-09-16,Batman,-590.0968817525034,-1028.609610325474,True,neutral
2026-09-16,Double Plateau,-339.85140676050446,-1126.7540911726537,True,neutral
2026-09-16,Jade Lizard,-766.5479456610033,-655.0519751728266,False,neutral
2026-09-16,Reverse Jade Lizard,1547.2763425364974,444.40413822210354,False,neutral
2026-09-16,Buy Call,-2067.994809072002,-1178.9105563861137,True,bullish
2026-09-16,Sell Put,-1282.190487263,-491.2379390491319,False,bullish
2026-09-16,Bull Call Spread,-714.1830033330026,-431.66505281024,True,bullish
2026-09-16,Bull Put Spread,-543.37903583,-383.9588922270915,True,bullish
2026-09-16,Call Ratio Back Spread,-1495.5659575939972,-1170.1821142083231,True,bullish
2026-09-16,Range Forward,-2263.7753513964994,-1538.0360343759637,False,bullish
2026-09-16,Long Synthetic Future,-3236.4454173290014,-1713.2061595290124,False,bullish
2026-09-16,Buy Put,871.0492567429993,241.15709750502842,True,bearish
2026-09-16,Sell Call,1378.6746160360015,826.258537825897,False,bearish
2026-09-16,Bear Call Spread,-196.33822072849927,-165.91852874699285,True,bearish
2026-09-16,Bear Put Spread,-113.61200985600072,-170.7530261414305,True,bearish
2026-09-16,Put Ratio Back Spread,286.94255854500074,-211.47382084217406,True,bearish
2026-09-16,Bear Condor,-103.72668274900093,-522.9122217620434,True,bearish
2026-09-16,Bear Butterfly,-330.56742801950037,-482.7044853195013,True,bearish
2026-09-16,Risk Reversal,1678.8247061034995,957.9115885726499,False,bearish
2026-09-16,Short Synthetic Future,2622.2452776710015,1104.3831065425197,False,bearish
2026-09-16,Call Ratio Spread,686.8288024059971,362.7804507656336,False,other
2026-09-16,Put Ratio Spread,-1051.0732764550007,-535.4631497878894,False,other
2026-09-16,Long Straddle,-1196.945552329003,-937.7534588810852,True,other
2026-09-16,Long Strangle,-942.8844058599997,-902.4931704725449,True,other
2026-09-16,Long Iron Butterfly,-922.4638901605023,-607.9522712694986,True,other
2026-09-16,Strip,-278.6962955860037,-649.3963613760568,True,other
2026-09-16,Strap,-3217.740361401005,-2069.464015267199,True,other
2026-09-17,Short Straddle,1633.3677626690007,1167.4810447542181,False,neutral
2026-09-17,Iron Butterfly,-343.73167524899856,-497.33577230114173,True,neutral
2026-09-17,Short Strangle,1303.5259106150004,1145.7058572886503,False,neutral
2026-09-17,Batman,-1094.0293571494983,-987.2589708942814,True,neutral
2026-09-17,Double Plateau,-1620.2351483780005,-1091.1343307758623,True,neutral
2026-09-17,Jade Lizard,275.93013404049964,807.5584755830474,False,neutral
2026-09-17,Reverse Jade Lizard,-755.3318161195003,-146.30629797506467,False,neutral
2026-09-17,Buy Call,-496.1049622459993,-181.08385216992943,True,bullish
2026-09-17,Sell Put,1417.87336404,1244.2698990817219,False,bullish
2026-09-17,Bull Call Spread,-300.5824954474993,-152.33332768012718,True,bullish
2026-09-17,Bull Put Spread,-86.30732999899965,-65.07089622501408,True,bullish
2026-09-17,Call Ratio Back Spread,-746.3536136490006,-727.0942682259018,True,bullish
2026-09-17,Range Forward,1658.1800279194993,903.3622609323492,False,bullish
2026-09-17,Long Synthetic Future,957.8646226690023,1120.2408781806569,False,bullish
2026-09-17,Buy Put,-1741.6798850850014,-1585.5717917697732,True,bearish
2026-09-17,Sell Call,54.38525525199927,-73.87594753140439,False,bearish
2026-09-17,Bear Call Spread,-418.53348862700034,-429.35196928002824,True,bearish
2026-09-17,Bear Put Spread,-633.6764412685011,-468.61645897092524,True,bearish
2026-09-17,Put Ratio Back Spread,-1258.1639624519994,-1417.9810524303077,True,bearish
2026-09-17,Bear Condor,-590.8562814645028,-504.97659720692945,True,bearish
2026-09-17,Bear Butterfly,-907.4417612300007,-460.7494996128319,True,bearish
2026-09-17,Risk Reversal,-2232.458249580499,-1473.9538921858416,False,bearish
2026-09-17,Short Synthetic Future,-1562.2817073310023,-1719.4154773661414,False,bearish
2026-09-17,Call Ratio Spread,-57.860028648999275,-76.38280319032492,False,other
2026-09-17,Put Ratio Spread,521.5270025479992,695.5388738279228,False,other
2026-09-17,Long Straddle,-2237.784847331001,-1766.6556439397027,True,other
2026-09-17,Long Strangle,-1866.1426693850005,-1703.4781827052138,True,other
2026-09-17,Long Iron Butterfly,-811.3876952490015,-647.7537865756544,True,other
2026-09-17,Strip,-3932.2647324160025,-3305.027435709476,True,other
2026-09-17,Strap,-2686.6898095770002,-1900.5394961096322,True,other
2026-09-18,Short Straddle,2099.3427689254977,1922.4147359760727,False,neutral
2026-09-18,Iron Butterfly,-425.4120543150031,-424.4751523834225,True,neutral
2026-09-18,Short Strangle,2159.0302595675,1866.0282122627793,False,neutral
2026-09-18,Jade Lizard,1758.349310233,1019.4396616174499,False,neutral
2026-09-18,Reverse Jade Lizard,599.7903292444998,438.46750838955813,False,neutral
2026-09-18,Buy Call,-472.1954524789985,-733.1650529758241,True,bullish
2026-09-18,Sell Put,2067.824315384499,1437.7538596304973,False,bullish
2026-09-18,Bull Call Spread,-353.3589214679985,-158.94087052010582,True,bullish
2026-09-18,Bull Put Spread,226.1674132699987,-26.177161163196047,True,bullish
2026-09-18,Call Ratio Back Spread,-590.0261854570015,-1249.5245064525584,True,bullish
2026-09-18,Range Forward,1389.2211863590012,541.0149788808329,False,bullish
2026-09-18,Long Synthetic Future,1462.8109639255008,765.7967723363134,False,bullish
2026-09-18,Buy Put,-2215.440761095499,-1775.3301727407065,True,bearish
2026-09-18,Sell Call,191.8576546605,483.65369091320485,False,bearish
2026-09-18,Bear Call Spread,-491.2402664655003,-399.30517665259686,True,bearish
2026-09-18,Bear Put Spread,-175.24703253899906,-483.5261429336456,True,bearish
2026-09-18,Put Ratio Back Spread,-2628.013831482501,-1555.9051903781626,True,bearish
2026-09-18,Bear Condor,-330.43661991049834,-468.4047705075461,True,bearish
2026-09-18,Bear Butterfly,262.39338700500184,-423.4732080763322,True,bearish
2026-09-18,Risk Reversal,-1949.323178641001,-1098.696844253769,False,bearish
2026-09-18,Short Synthetic Future,-2051.1044085745007,-1351.8772620767713,False,bearish
2026-09-18,Call Ratio Spread,-187.32239045699853,462.4833119356125,False,other
2026-09-18,Put Ratio Spread,1912.146696017501,855.4778868734154,False,other
2026-09-18,Long Straddle,-2687.6362135744976,-2508.4952257165305,True,other
2026-09-18,Long Strangle,-2705.8913929325,-2411.122216403397,True,other
2026-09-18,Long Iron Butterfly,-698.2113993149969,-695.160046783062,True,other
2026-09-18,Strip,-4855.876974669997,-4236.625398457238,True,other
2026-09-18,Strap,-3112.6316660534962,-3194.4602786923547,True,other
2026-09-21,Short Straddle,1114.9810998425007,671.3178824827635,False,neutral
2026-09-21,Reverse Jade Lizard,-672.3628583010011,-967.9759815627791,False,neutral
2026-09-21,Buy Call,938.7539243319993,967.4303600933849,True,bullish
2026-09-21,Sell Put,1997.9332629975013,1802.4695588084323,False,bullish
2026-09-21,Bull Put Spread,164.43531609000146,167.43110262104142,True,bullish
2026-09-21,Range Forward,2577.0935936065,2377.952090886419,False,bullish
2026-09-21,Long Synthetic Future,3284.385414842499,2904.870663628161,False,bullish
2026-09-21,Buy Put,-2623.2137219895,-2212.032808561929,True,bearish
2026-09-21,Sell Call,-1021.8762162084988,-1128.2006253320621,False,bearish
2026-09-21,Bear Put Spread,-837.8753811354991,-688.5739612365443,True,bearish
2026-09-21,Put Ratio Back Spread,-1700.8543777815019,-1576.2270027582722,True,bearish
2026-09-21,Bear Condor,-648.8034910965011,-521.783608366288,True,bearish
2026-09-21,Bear Butterfly,-562.3324951959979,-469.8680813629635,True,bearish
2026-09-21,Risk Reversal,-3119.2165388934995,-2923.0437552868334,False,bearish
2026-09-21,Short Synthetic Future,-3853.864112657499,-3478.1552296139416,False,bearish
2026-09-21,Put Ratio Spread,994.6629597185018,882.0848860888404,False,other
2026-09-21,Long Straddle,-1684.4597976575008,-1244.602448468544,True,other
2026-09-21,Strip,-4260.473519647001,-3409.435257030473,True,other
2026-09-21,Strap,-698.5058733255014,-229.9720883751591,True,other
2026-09-22,Short Straddle,178.64038766550075,752.1738778418294,False,neutral
2026-09-22,Buy Call,-2600.0702602910005,-3673.5837150359666,True,bullish
2026-09-22,Sell Put,-1881.2019618764996,-2383.0888211535516,False,bullish
2026-09-22,Bull Put Spread,-847.4233561564993,-957.9183261799178,True,bullish
2026-09-22,Long Synthetic Future,-4744.7382673345,-6310.950525579447,False,bullish
2026-09-22,Buy Put,1862.8842754564996,2357.4334176059883,True,bearish
2026-09-22,Sell Call,2109.601761770501,3137.768017509199,False,bearish
2026-09-22,Bear Put Spread,432.5201229564997,455.34881797099837,True,bearish
2026-09-22,Put Ratio Back Spread,237.98168795650037,693.6393527715718,True,bearish
2026-09-22,Bear Condor,-355.9274727980004,-387.35665608603813,True,bearish
2026-09-22,Bear Butterfly,-289.41749659950074,-363.90119056286653,True,bearish
2026-09-22,Short Synthetic Future,4186.1926701655,5746.974105991298,False,bearish
2026-09-22,Put Ratio Spread,-950.6440295435003,-1399.5357816639914,False,other
2026-09-22,Long Straddle,-737.1859848345007,-1316.1502974299783,True,other
2026-09-22,Strip,1172.898290621999,1088.4831201760098,True,other
2026-09-22,Strap,-3290.056245125501,-4942.534012465945,True,other
2026-09-23,Short Straddle,1101.8277013569993,1476.1859643478224,False,neutral
2026-09-23,Reverse Jade Lizard,50.398314287001114,438.0171869610145,False,neutral
2026-09-23,Buy Call,-271.942527958,-769.5101296519381,True,bullish
2026-09-23,Sell Put,1058.4254427659998,950.8899187797566,False,bullish
2026-09-23,Bull Put Spread,25.602617656999826,-55.686941684697786,True,bullish
2026-09-23,Range Forward,576.5937843960003,75.8290162507868,False,bullish
2026-09-23,Long Synthetic Future,842.0188013569993,225.1026889661896,False,bullish
2026-09-23,Buy Put,-1380.2041106849993,-1261.2643893790662,True,bearish
2026-09-23,Sell Call,57.188770512000005,521.3332557800736,False,bearish
2026-09-23,Bear Put Spread,-560.5998231344995,-428.7830862104297,True,bearish
2026-09-23,Put Ratio Back Spread,-979.8495905840003,-1122.3621714331362,True,bearish
2026-09-23,Bear Condor,-475.83678873999827,-441.1057066504291,True,bearish
2026-09-23,Bear Butterfly,-512.4070057314997,-393.08316401905074,True,bearish
2026-09-23,Risk Reversal,-1099.1736206040005,-602.633974440902,False,bearish
2026-09-23,Short Synthetic Future,-1392.3377386429993,-779.6912436493714,False,bearish
2026-09-23,Put Ratio Spread,306.20446441600035,450.8982169582068,False,other
2026-09-23,Long Straddle,-1652.1466386429993,-2030.7745190310043,True,other
2026-09-23,Strip,-2985.1507493279987,-3244.8389084100704,True,other
2026-09-23,Strap,-1876.8891666009993,-2753.0846486829423,True,other
2026-09-24,Short Straddle,-4031.1071591445,-3067.813519579709,False,neutral
2026-09-24,Iron Butterfly,-863.1892392965007,-798.578473302714,True,neutral
2026-09-24,Short Strangle,-3764.3622465155,-2896.9268193933167,False,neutral
2026-09-24,Batman,-1166.7357287705006,-1065.7080870647496,True,neutral
2026-09-24,Double Plateau,-1385.2963194285,-1132.0611606124287,True,neutral
2026-09-24,Jade Lizard,-5339.431348203,-4945.299353593703,False,neutral
2026-09-24,Reverse Jade Lizard,557.6722909769983,1243.6454886947238,False,neutral
2026-09-24,Buy Call,-2893.429297762499,-3358.5441933306784,True,bullish
2026-09-24,Sell Put,-6027.9370273495,-5749.076012247929,False,bullish
2026-09-24,Bull Call Spread,-1422.0863565614995,-1343.0594537814343,True,bullish
2026-09-24,Bull Put Spread,-1495.4262478355013,-1519.9860679652174,True,bullish
2026-09-24,Call Ratio Back Spread,-780.3984528605,-1412.2471888613723,True,bullish
2026-09-24,Range Forward,-7820.010208537,-7944.785940926018,False,bullish
2026-09-24,Long Synthetic Future,-9545.551061644499,-9510.338592382866,False,bullish
2026-09-24,Buy Put,6364.304126117999,5864.401143684251,True,bearish
2026-09-24,Sell Call,2225.158063872001,2706.064351973271,False,bearish
2026-09-24,Bear Call Spread,860.5652042060011,746.2094539675556,True,bearish
2026-09-24,Bear Put Spread,1128.5989384014995,951.9895847416907,True,bearish
2026-09-24,Put Ratio Back Spread,3331.6569556850004,3188.829553178668,True,bearish
2026-09-24,Bear Condor,-391.16239679500165,-523.2266254142683,True,bearish
2026-09-24,Bear Butterfly,-312.0836590015,-504.8056919269119,True,bearish
2026-09-24,Risk Reversal,7287.877326463,7410.807196602805,False,bearish
2026-09-24,Short Synthetic Future,8985.318730855499,8948.382023156732,False,bearish
2026-09-24,Call Ratio Spread,96.45658463950002,719.6252857678099,False,other
2026-09-24,Put Ratio Spread,-4059.9062493150004,-3913.22197420087,False,other
2026-09-24,Long Straddle,3470.8748283555,2505.8569503535728,True,other
2026-09-24,Long Strangle,3243.9828309844997,2374.9979419485026,True,other
2026-09-24,Long Iron Butterfly,-207.17176679649924,-274.5053063927521,True,other
2026-09-24,Strip,9882.378954473501,8417.458094037824,True,other
2026-09-24,Strap,624.6455305930007,-805.4872429771056,True,other
2026-09-25,Short Straddle,579.4964426545,639.7590977776943,False,neutral
2026-09-25,Iron Butterfly,-296.5555046229989,-447.92205508408625,True,neutral
2026-09-25,Short Strangle,271.51766814199925,610.4808202266389,False,neutral
2026-09-25,Short Iron Condor,-403.52232448550114,-310.4114749099823,True,neutral
2026-09-25,Batman,-1154.089648434002,-908.8432427251664,True,neutral
2026-09-25,Double Plateau,-1064.1923395955014,-1013.5351378056789,True,neutral
2026-09-25,Jade Lizard,883.2314299925009,707.7341729421471,False,neutral
2026-09-25,Reverse Jade Lizard,-1033.6891874699995,-531.833666583542,False,neutral
2026-09-25,Buy Call,809.0111297545,421.1056343172002,True,bullish
2026-09-25,Sell Put,1507.2244868880002,1249.62771144014,False,bullish
2026-09-25,Bull Call Spread,-158.23584957750074,1.708641568028952,True,bullish
2026-09-25,Bull Put Spread,110.73820451800057,86.0032152464052,True,bullish
2026-09-25,Call Ratio Back Spread,331.1804535905015,-367.4679607588248,True,bullish
2026-09-25,Bull Condor,-600.2349340919994,-445.0273491227177,True,bullish
2026-09-25,Bull Butterfly,-730.3143683395008,-413.2524809049751,True,bullish
2026-09-25,Range Forward,2097.0215023999995,1373.4854929953513,False,bullish
2026-09-25,Long Synthetic Future,2495.5870801545,1774.9437657984104,False,bullish
2026-09-25,Buy Put,-1950.7486496,-1620.2486120175884,True,bearish
2026-09-25,Sell Call,-1069.9035420225,-607.8600748769519,False,bearish
2026-09-25,Bear Call Spread,-549.4692069299992,-531.9167315449977,True,bearish
2026-09-25,Bear Put Spread,-711.984002126,-590.3707990417781,True,bearish
2026-09-25,Put Ratio Back Spread,-1244.681654652,-1158.3272456519132,True,bearish
2026-09-25,Bear Condor,-549.4546380645005,-504.865634287375,True,bearish
2026-09-25,Bear Butterfly,-556.6085130164998,-452.05341393184807,True,bearish
2026-09-25,Risk Reversal,-2631.5004775999996,-1904.95268664443,False,bearish
2026-09-25,Short Synthetic Future,-3057.8281573455,-2334.327645721104,False,bearish
2026-09-25,Call Ratio Spread,-1078.2828289095014,-370.4883511811423,False,other
2026-09-25,Put Ratio Spread,573.980645348,486.70701393403203,False,other
2026-09-25,Long Straddle,-1141.7375198455,-1199.142977700388,True,other
2026-09-25,Long Strangle,-793.6988218579993,-1129.9771520942163,True,other
2026-09-25,Long Iron Butterfly,-777.2019696230011,-620.2640619378153,True,other
2026-09-25,Long Iron Condor,-604.8742219854989,-692.8678785553852,True,other
2026-09-25,Strip,-3045.2861694455,-2772.191589717976,True,other
2026-09-25,Strap,-285.526390091,-730.8373433831878,True,other
2026-09-28,Short Straddle,-701.0520781359982,-839.0095128835475,False,neutral
2026-09-28,Iron Butterfly,-234.31101844899854,-605.5866974630155,True,neutral
2026-09-28,Short Strangle,-860.1697561475,-776.1387033018714,False,neutral
2026-09-28,Short Iron Condor,-112.48767728999957,-653.2440040102438,True,neutral
2026-09-28,Batman,-883.9450224945008,-972.7011786155888,True,neutral
2026-09-28,Double Plateau,-904.2441539970014,-1060.1804625284142,True,neutral
2026-09-28,Jade Lizard,-3381.002926402501,-4275.182828685831,False,neutral
2026-09-28,Reverse Jade Lizard,2505.663369120499,2898.033390727764,False,neutral
2026-09-28,Buy Call,-4466.0091719785,-5400.930950565989,True,bullish
2026-09-28,Sell Put,-4477.020889428999,-5456.730355203288,False,bullish
2026-09-28,Bull Call Spread,-1595.7699814100001,-1730.5413749601043,True,bullish
2026-09-28,Bull Put Spread,-1300.3172118239995,-1753.4108377862249,True,bullish
2026-09-28,Call Ratio Back Spread,-2010.3799333415004,-2671.372183538748,True,bullish
2026-09-28,Bull Condor,-655.5083179395014,-743.880098881806,True,bullish
2026-09-28,Bull Butterfly,-559.4976630204998,-659.3539825818829,True,bullish
2026-09-28,Range Forward,-7653.404495984499,-9348.052139008585,False,bullish
2026-09-28,Long Synthetic Future,-9359.183670635997,-11369.403302960816,False,bullish
2026-09-28,Buy Put,4609.336018842499,5682.849340454094,True,bearish
2026-09-28,Sell Call,3786.5805481884995,4630.266169262492,False,bearish
2026-09-28,Bear Call Spread,1076.6179302704998,1160.3694672659612,True,bearish
2026-09-28,Bear Put Spread,878.9270721264982,1236.3210615463374,True,bearish
2026-09-28,Put Ratio Back Spread,2086.620667910502,2444.4842735262678,True,bearish
2026-09-28,Bear Condor,-218.72978628250092,-355.0293347912047,True,bearish
2026-09-28,Bear Butterfly,-230.59949743100242,-352.84804508691803,True,bearish
2026-09-28,Risk Reversal,7123.226691515499,8818.848360006912,False,bearish
2026-09-28,Short Synthetic Future,8801.458439363998,10812.312179965375,False,bearish
2026-09-28,Call Ratio Spread,1321.6692091585005,1987.0482006457812,False,other
2026-09-28,Put Ratio Spread,-2804.2818745895024,-3163.0072173614194,False,other
2026-09-28,Long Straddle,143.32684686399818,281.91838988810457,True,other
2026-09-28,Long Strangle,341.4464063525,258.860801435534,True,other
2026-09-28,Long Iron Butterfly,-831.8714884490015,-458.1521739391645,True,other
2026-09-28,Long Iron Condor,-891.9143772900004,-345.9517347273904,True,other
2026-09-28,Strip,4799.862865706496,6011.967730342199,True,other
2026-09-28,Strap,-4275.482325114502,-5071.812560677885,True,other
2026-09-29,Short Straddle,1685.0943412869992,1267.4697638344237,False,neutral
2026-09-29,Iron Butterfly,-271.81861101950165,-344.739377721675,True,neutral
2026-09-29,Short Strangle,1539.0667788984995,1184.6817806519446,False,neutral
2026-09-29,Short Iron Condor,-312.2608277955008,-110.33186675818064,True,neutral
2026-09-29,Batman,-936.06975598,-848.7675520440101,True,neutral
2026-09-29,Double Plateau,-1054.1269047354988,-962.9762979199893,True,neutral
2026-09-29,Jade Lizard,1109.3125541249988,494.0668872957043,False,neutral
2026-09-29,Reverse Jade Lizard,136.56959126449885,364.0915138168495,False,neutral
2026-09-29,Buy Call,-341.70259280649884,-772.8699768489233,True,bullish
2026-09-29,Sell Put,1548.9105786534994,750.3019480949105,False,bullish
2026-09-29,Bull Call Spread,-132.2492397009989,-263.7040226642826,True,bullish
2026-09-29,Bull Put Spread,84.08262106999926,-120.79030942256628,True,bullish
2026-09-29,Call Ratio Back Spread,-843.3840390955011,-986.4932094863036,True,bullish
2026-09-29,Bull Condor,-538.5450659559988,-416.404364241267,True,bullish
2026-09-29,Bull Butterfly,-456.7055695709987,-375.4490829767187,True,bullish
2026-09-29,Range Forward,1068.789303848,-60.878976307633025,False,bullish
2026-09-29,Long Synthetic Future,1288.8857687870013,-2.0553485550361756,False,bullish
2026-09-29,Buy Put,-1896.3174559065005,-1041.796937388157,True,bearish
2026-09-29,Sell Call,26.499711286498894,513.016698482869,False,bearish
2026-09-29,Bear Call Spread,-465.58528343650164,-228.100185555753,True,bearish
2026-09-29,Bear Put Spread,-566.704030113501,-366.28111092085317,True,bearish
2026-09-29,Put Ratio Back Spread,-1482.7041468204986,-1037.0148360636151,True,bearish
2026-09-29,Bear Condor,-449.7025593200011,-430.52971183745126,True,bearish
2026-09-29,Bear Butterfly,-473.0369882395014,-384.9660558034518,True,bearish
2026-09-29,Risk Reversal,-1594.251921152,-458.71073360367916,False,bearish
2026-09-29,Short Synthetic Future,-1841.8114762130012,-545.1418018476205,False,bearish
2026-09-29,Call Ratio Spread,124.40411340450112,292.66193152035817,False,other
2026-09-29,Put Ratio Spread,810.1093956794984,356.43471554645055,False,other
2026-09-29,Long Straddle,-2238.020048712999,-1814.6669142370804,True,other
2026-09-29,Long Strangle,-2052.7912636014994,-1692.688904692171,True,other
2026-09-29,Long Iron Butterfly,-784.9411885194984,-700.2958701434968,True,other
2026-09-29,Long Iron Condor,-682.4885102954992,-872.6694525556176,True,other
2026-09-29,Strip,-4087.1375046194994,-2809.2638516252373,True,other
2026-09-29,Strap,-2532.5226415194984,-2540.3368910860036,True,other
2026-09-30,Short Straddle,1659.832848498001,622.5027919131394,False,neutral
2026-09-30,Iron Butterfly,-63.2840597554989,-399.9358124838647,True,neutral
2026-09-30,Short Strangle,1393.1184823460003,576.0894684203062,False,neutral
2026-09-30,Short Iron Condor,329.3835487985,-243.05232810773575,True,neutral
2026-09-30,Batman,-708.1518039649999,-859.6835593851363,True,neutral
2026-09-30,Double Plateau,-874.7966164489995,-966.9464339580265,True,neutral
2026-09-30,Jade Lizard,-1209.7298175729989,-1434.7857795829789,False,neutral
2026-09-30,Reverse Jade Lizard,2450.178555242501,1625.6252297207757,False,neutral
2026-09-30,Buy Call,-4717.613114945501,-3213.902946750549,True,bullish
2026-09-30,Sell Put,-2348.6982735485003,-2034.60495312513,False,bullish
2026-09-30,Bull Call Spread,-1773.7720580260002,-1137.0795739784705,True,bullish
2026-09-30,Bull Put Spread,-1380.3025412675004,-1015.6187506717546,True,bullish
2026-09-30,Call Ratio Back Spread,-1893.9425786065003,-1657.5569154712155,True,bullish
2026-09-30,Bull Condor,-754.6790049510006,-608.2519686374305,True,bullish
2026-09-30,Bull Butterfly,-596.8755661154999,-533.6602778309276,True,bullish
2026-09-30,Range Forward,-5623.990592038499,-4378.118700926552,False,bullish
2026-09-30,Long Synthetic Future,-7504.926099002,-5537.918686300382,False,bullish
2026-09-30,Buy Put,2519.2837984434996,2053.417096804933,True,bearish
2026-09-30,Sell Call,3928.071738464001,2657.101882940778,False,bearish
2026-09-30,Bear Call Spread,1236.5590979295011,615.6770760903987,True,bearish
2026-09-30,Bear Put Spread,968.5612238699996,552.6831924531605,True,bearish
2026-09-30,Put Ratio Back Spread,-138.75277820349925,223.38237718668915,True,bearish
2026-09-30,Bear Condor,-23.303280709499944,-285.9832163276162,True,bearish
2026-09-30,Bear Butterfly,4.871719081999174,-271.8425539679197,True,bearish
2026-09-30,Risk Reversal,5112.612200461499,3867.4475148522997,False,bearish
2026-09-30,Short Synthetic Future,6966.429630998,4999.9356282679055,False,bearish
2026-09-30,Call Ratio Spread,1217.2689988935003,986.9437987936079,False,other
2026-09-30,Put Ratio Spread,-534.9613507035008,-900.850711898612,False,other
2026-09-30,Long Straddle,-2198.329316502001,-1160.4858499456163,True,other
2026-09-30,Long Strangle,-1893.4641026540003,-1075.5386650988328,True,other
2026-09-30,Long Iron Butterfly,-966.1199872555012,-627.8088149452948,True,other
2026-09-30,Long Iron Condor,-1300.9172987015,-725.245389915195,True,other
2026-09-30,Strip,368.1544819414985,940.1312468593165,True,other
2026-09-30,Strap,-6868.742431447502,-4327.188796696165,True,other
2026-10-01,Short Straddle,-895.3899952339993,-940.2716123854295,False,neutral
2026-10-01,Iron Butterfly,-313.12524842399955,-633.2152031282402,True,neutral
2026-10-01,Short Strangle,-1023.1126036565003,-848.717880908839,False,neutral
2026-10-01,Short Iron Condor,-493.7392874320003,-719.011806365532,True,neutral
2026-10-01,Batman,-1003.9285334274998,-946.1714271252727,True,neutral
2026-10-01,Double Plateau,-1069.9625664149994,-1029.7707229860603,True,neutral
2026-10-01,Jade Lizard,-3089.7185143215,-3280.049850369841,False,neutral
2026-10-01,Reverse Jade Lizard,1771.3083169104998,1800.67574630792,False,neutral
2026-10-01,Buy Call,-4601.7124481805,-4328.8513151017205,True,bullish
2026-10-01,Sell Put,-4607.003307202,-4475.754637701132,False,bullish
2026-10-01,Bull Call Spread,-2170.4119279964993,-1746.5466221724994,True,bullish
2026-10-01,Bull Put Spread,-1885.3575181810004,-1781.863634733657,True,bullish
2026-10-01,Call Ratio Back Spread,-958.4797953125009,-1536.256034516681,True,bullish
2026-10-01,Bull Condor,-1133.0535538734996,-854.2766782365238,True,bullish
2026-10-01,Bull Butterfly,-997.0978586374988,-754.4666188829788,True,bullish
2026-10-01,Range Forward,-7276.6841871105,-7247.514930117057,False,bullish
2026-10-01,Long Synthetic Future,-9839.311377733999,-9337.56978594312,False,bullish
2026-10-01,Buy Put,4966.395617946499,4735.069736298615,True,bearish
2026-10-01,Sell Call,3689.4729254075,3551.4549260359554,False,bearish
2026-10-01,Bear Call Spread,1550.0918831965,1164.6203323256693,True,bearish
2026-10-01,Bear Put Spread,1511.9824941059983,1304.0471624605548,True,bearish
2026-10-01,Put Ratio Back Spread,1215.9809477655022,1396.1688669383207,True,bearish
2026-10-01,Bear Condor,51.82561093349861,-233.56591812003984,True,bearish
2026-10-01,Bear Butterfly,-36.9977309560023,-250.48975862237762,True,bearish
2026-10-01,Risk Reversal,6772.4820803895,6740.636480270691,False,bearish
2026-10-01,Short Synthetic Future,9308.604552265999,8803.516594754585,False,bearish
2026-10-01,Call Ratio Spread,308.0885921875009,882.9580707567218,False,other
2026-10-01,Put Ratio Spread,-1895.2306297345021,-2079.7754113775054,False,other
2026-10-01,Long Straddle,364.68316976599925,406.2184211968946,True,other
2026-10-01,Long Strangle,529.2455738435002,352.8922224035346,True,other
2026-10-01,Long Iron Butterfly,-702.8385984240005,-387.20137982201584,True,other
2026-10-01,Long Iron Condor,-467.7583974319997,-243.1555158197919,True,other
2026-10-01,Strip,5378.278787712498,5188.48815749551,True,other
2026-10-01,Strap,-4189.829278414501,-3875.4328939048255,True,other
