date,strategy,view,hedged,entry_time,exit_time,atm,legs,entry_net_pts,result_pts,fees,net_rs,best_rs,best_time,worst_rs,max_risk_rs,nifty_move
2026-10-05,Short Straddle,neutral,False,10:20,15:10,22550,2,-192.0,25.95,123,1564,1687,15:10,-1826,,-16.2
2026-10-05,Iron Butterfly,neutral,True,10:20,15:10,22550,4,-133.6,12.1,225,562,787,15:10,-335,4316.0,-16.2
2026-10-05,Short Strangle,neutral,False,10:20,15:10,22550,2,-80.35,17.7,106,1044,1150,15:10,-1661,,-16.2
2026-10-05,Short Iron Condor,neutral,True,10:20,15:10,22550,4,-58.35,12.65,203,619,822,15:10,-699,9207.0,-16.2
2026-10-05,Batman,neutral,True,10:20,15:10,22550,6,28.55,0.35,331,-309,338,14:10,-358,1856.0,-16.2
2026-10-05,Double Plateau,neutral,True,10:20,15:10,22550,8,21.35,0.45,427,-398,237,14:10,-224,1388.0,-16.2
2026-10-05,Jade Lizard,neutral,False,10:20,15:10,22550,3,-80.9,8.25,160,376,536,15:10,-2724,,-16.2
2026-10-05,Reverse Jade Lizard,neutral,False,10:20,15:10,22550,3,-80.0,21.7,162,1248,1410,15:10,-189,,-16.2
2026-10-05,Buy Call,bullish,True,10:20,15:10,22550,1,107.85,-30.25,60,-2026,634,13:45,-3494,7010.0,-16.2
2026-10-05,Sell Put,bullish,False,10:20,15:10,22550,1,-65.75,-2.15,57,-197,757,13:45,-4495,,-16.2
2026-10-05,Bull Call Spread,bullish,True,10:20,15:10,22550,2,66.2,-12.55,113,-929,341,13:45,-2051,4303.0,-16.2
2026-10-05,Bull Put Spread,bullish,True,10:20,15:10,22550,2,-36.1,-2.35,109,-262,406,13:45,-2012,7404.0,-16.2
2026-10-05,Call Ratio Back Spread,bullish,True,10:20,15:10,22550,2,-24.2,-5.85,118,-499,575,12:10,-380,8177.0,-16.2
2026-10-05,Bull Condor,bullish,True,10:20,15:10,22550,4,37.95,-1.95,213,-340,169,13:45,-1037,2467.0,-16.2
2026-10-05,Bull Butterfly,bullish,True,10:20,15:10,22550,3,37.5,-1.35,167,-255,130,13:45,-1014,2438.0,-16.2
2026-10-05,Range Forward,bullish,False,10:20,15:10,22550,2,8.7,-23.95,108,-1665,933,13:45,-5837,,-16.2
2026-10-05,Long Synthetic Future,bullish,False,10:20,15:10,22550,2,23.45,-34.15,120,-2340,1466,13:45,-8794,,-16.2
2026-10-05,Buy Put,bearish,True,10:20,15:10,22550,1,84.65,3.45,61,164,5255,12:10,-861,5502.0,-16.2
2026-10-05,Sell Call,bearish,False,10:20,15:10,22550,1,-81.1,26.3,59,1651,2701,12:10,-585,,-16.2
2026-10-05,Bear Call Spread,bearish,True,10:20,15:10,22550,2,-52.35,12.65,109,713,1709,12:10,-393,6347.0,-16.2
2026-10-05,Bear Put Spread,bearish,True,10:20,15:10,22550,2,45.95,3.45,114,111,2164,12:10,-419,2987.0,-16.2
2026-10-05,Put Ratio Back Spread,bearish,True,10:20,15:10,22550,2,-6.9,-4.2,119,-392,962,12:15,-286,9302.0,-16.2
2026-10-05,Bear Condor,bearish,True,10:20,15:10,22550,4,24.9,1.95,215,-89,686,12:10,-208,1619.0,-16.2
2026-10-05,Bear Butterfly,bearish,True,10:20,15:10,22550,3,24.7,2.45,169,-10,588,12:10,-195,1606.0,-16.2
2026-10-05,Risk Reversal,bearish,False,10:20,15:10,22550,2,-8.4,23.4,111,1410,5792,12:10,-969,,-16.2
2026-10-05,Short Synthetic Future,bearish,False,10:20,15:10,22550,2,-22.95,33.3,123,2041,8729,12:10,-1521,,-16.2
2026-10-05,Call Ratio Spread,other,False,10:20,15:10,22550,2,24.55,5.15,119,216,335,15:10,-608,,-16.2
2026-10-05,Put Ratio Spread,other,False,10:20,15:10,22550,2,7.25,3.45,120,105,234,13:40,-1037,,-16.2
2026-10-05,Long Straddle,other,True,10:20,15:10,22550,2,192.5,-26.8,121,-1863,1762,12:10,-1742,12512.0,-16.2
2026-10-05,Long Strangle,other,True,10:20,15:10,22550,2,80.45,-18.0,104,-1274,1635,12:15,-1170,5229.0,-16.2
2026-10-05,Long Iron Butterfly,other,True,10:20,15:10,22550,4,134.25,-13.2,224,-1082,244,12:10,-858,8726.0,-16.2
2026-10-05,Long Iron Condor,other,True,10:20,15:10,22550,4,58.55,-13.2,202,-1060,666,12:10,-858,3806.0,-16.2
2026-10-05,Strip,other,True,10:20,15:10,22550,2,277.15,-23.35,134,-1652,7017,12:10,-1518,18015.0,-16.2
2026-10-05,Strap,other,True,10:20,15:10,22550,2,300.35,-57.05,133,-3842,406,13:45,-3819,19523.0,-16.2
2026-10-06,Short Straddle,neutral,False,09:20,15:10,22600,2,-129.65,14.7,114,842,1645,14:35,-1235,,127.1
2026-10-06,Iron Butterfly,neutral,True,09:20,15:10,22600,4,-108.4,-4.55,209,-505,546,14:30,-1410,5954.0,127.1
2026-10-06,Short Strangle,neutral,False,09:20,15:10,22600,2,-34.35,25.4,99,1552,1664,15:00,-143,,127.1
2026-10-06,Short Iron Condor,neutral,True,09:20,15:10,22600,4,-28.35,19.75,194,1090,1297,15:00,-338,11157.0,127.1
2026-10-06,Batman,neutral,True,09:20,15:10,22600,6,29.85,20.25,304,1013,1329,15:05,13,1940.0,127.1
2026-10-06,Double Plateau,neutral,True,09:20,15:10,22600,8,22.3,14.15,399,520,982,15:05,-46,1450.0,127.1
2026-10-06,Jade Lizard,neutral,False,09:20,15:10,22600,3,-47.95,20.25,150,1167,1524,15:00,23,,127.1
2026-10-06,Reverse Jade Lizard,neutral,False,09:20,15:10,22600,3,-41.0,11.8,150,617,972,15:00,-1349,,127.1
2026-10-06,Buy Call,bullish,True,09:20,15:10,22600,1,56.3,56.95,63,3639,5366,12:45,426,3660.0,127.1
2026-10-06,Sell Put,bullish,False,09:20,15:10,22600,1,-49.35,48.65,53,3109,3172,15:05,432,,127.1
2026-10-06,Bull Call Spread,bullish,True,09:20,15:10,22600,2,43.85,60.75,112,3837,4014,15:05,332,2850.0,127.1
2026-10-06,Bull Put Spread,bullish,True,09:20,15:10,22600,2,-35.25,34.8,101,2161,2275,15:05,266,7459.0,127.1
2026-10-06,Call Ratio Back Spread,bullish,True,09:20,15:10,22600,2,-31.2,-65.05,108,-4336,-263,09:25,-4248,7722.0,127.1
2026-10-06,Bull Condor,bullish,True,09:20,15:10,22600,4,32.55,51.3,209,3126,3412,15:05,228,2116.0,127.1
2026-10-06,Bull Butterfly,bullish,True,09:20,15:10,22600,3,34.0,62.25,161,3885,4056,15:05,244,2210.0,127.1
2026-10-06,Range Forward,bullish,False,09:20,15:10,22600,2,-12.05,40.6,103,2536,4423,12:45,536,,127.1
2026-10-06,Long Synthetic Future,bullish,False,09:20,15:10,22600,2,-17.15,128.9,119,8259,9522,12:45,1086,,127.1
2026-10-06,Buy Put,bearish,True,09:20,15:10,22600,1,73.6,-72.15,50,-4739,-682,09:25,-4703,4784.0,127.1
2026-10-06,Sell Call,bearish,False,09:20,15:10,22600,1,-35.65,-31.1,54,-2075,-325,09:25,-3942,,127.1
2026-10-06,Bear Call Spread,bearish,True,09:20,15:10,22600,2,-28.5,-36.5,101,-2474,-283,09:25,-3344,7898.0,127.1
2026-10-06,Bear Put Spread,bearish,True,09:20,15:10,22600,2,51.7,-50.55,99,-3385,-426,09:25,-3305,3360.0,127.1
2026-10-06,Put Ratio Back Spread,bearish,True,09:20,15:10,22600,2,-29.45,28.45,105,1744,1875,15:05,120,7836.0,127.1
2026-10-06,Bear Condor,bearish,True,09:20,15:10,22600,4,35.0,-34.05,197,-2410,-244,09:25,-2233,2275.0,127.1
2026-10-06,Bear Butterfly,bearish,True,09:20,15:10,22600,3,35.9,-34.9,150,-2418,-247,09:25,-2288,2334.0,127.1
2026-10-06,Risk Reversal,bearish,False,09:20,15:10,22600,2,12.2,-40.9,99,-2757,-559,09:25,-4446,,127.1
2026-10-06,Short Synthetic Future,bearish,False,09:20,15:10,22600,2,17.4,-129.4,107,-8518,-1121,09:25,-9562,,127.1
2026-10-06,Call Ratio Spread,other,False,09:20,15:10,22600,2,31.4,64.55,114,4082,4205,15:05,237,,127.1
2026-10-06,Put Ratio Spread,other,False,09:20,15:10,22600,2,29.8,-28.95,102,-1984,-169,09:25,-1908,,127.1
2026-10-06,Long Straddle,other,True,09:20,15:10,22600,2,129.9,-15.2,112,-1100,1196,12:45,-1680,8443.0,127.1
2026-10-06,Long Strangle,other,True,09:20,15:10,22600,2,34.5,-25.65,96,-1764,123,12:45,-1680,2242.0,127.1
2026-10-06,Long Iron Butterfly,other,True,09:20,15:10,22600,4,108.75,3.85,210,41,1355,12:45,-595,7069.0,127.1
2026-10-06,Long Iron Condor,other,True,09:20,15:10,22600,4,28.6,-20.2,192,-1505,305,12:45,-1326,1859.0,127.1
2026-10-06,Strip,other,True,09:20,15:10,22600,2,203.5,-87.35,115,-5792,-939,09:25,-6149,13228.0,127.1
2026-10-06,Strap,other,True,09:20,15:10,22600,2,186.2,41.75,128,2586,6562,12:45,-120,12103.0,127.1
2026-10-07,Short Straddle,neutral,False,09:20,15:10,22600,2,-317.45,41.4,142,2549,2698,14:55,-179,,-39.8
2026-10-07,Iron Butterfly,neutral,True,09:20,15:10,22600,4,-159.25,5.55,256,105,361,15:10,-169,2649.0,-39.8
2026-10-07,Short Strangle,neutral,False,09:20,15:10,22600,2,-190.05,37.05,122,2286,2408,15:10,-185,,-39.8
2026-10-07,Short Iron Condor,neutral,True,09:20,15:10,22600,4,-102.9,11.15,227,498,725,15:10,-302,6312.0,-39.8
2026-10-07,Batman,neutral,True,09:20,15:10,22600,6,21.3,-0.7,392,-437,-23,14:50,-357,1384.0,-39.8
2026-10-07,Double Plateau,neutral,True,09:20,15:10,22600,8,16.3,-0.55,487,-522,23,10:05,-273,1059.0,-39.8
2026-10-07,Jade Lizard,neutral,False,09:20,15:10,22600,3,-148.05,14.6,184,765,1979,12:05,-787,,-39.8
2026-10-07,Reverse Jade Lizard,neutral,False,09:20,15:10,22600,3,-148.25,27.65,186,1611,1797,15:10,-2177,,-39.8
2026-10-07,Buy Call,bullish,True,09:20,15:10,22600,1,166.5,-32.35,69,-2171,3533,12:05,-2457,10822.0,-39.8
2026-10-07,Sell Put,bullish,False,09:20,15:10,22600,1,-129.7,10.6,67,622,3208,12:05,-1375,,-39.8
2026-10-07,Bull Call Spread,bullish,True,09:20,15:10,22600,2,69.5,-6.05,130,-523,1102,12:05,-754,4518.0,-39.8
2026-10-07,Bull Put Spread,bullish,True,09:20,15:10,22600,2,-50.7,-0.8,125,-177,1043,12:05,-507,6455.0,-39.8
2026-10-07,Call Ratio Back Spread,bullish,True,09:20,15:10,22600,2,28.1,-21.0,142,-1507,1215,12:05,-1365,11576.0,-39.8
2026-10-07,Bull Condor,bullish,True,09:20,15:10,22600,4,25.55,1.7,241,-130,218,14:45,-140,1661.0,-39.8
2026-10-07,Bull Butterfly,bullish,True,09:20,15:10,22600,3,23.75,1.45,197,-103,176,14:30,-133,1544.0,-39.8
2026-10-07,Range Forward,bullish,False,09:20,15:10,22600,2,7.9,-18.4,125,-1321,5558,12:05,-2993,,-39.8
2026-10-07,Long Synthetic Future,bullish,False,09:20,15:10,22600,2,15.35,-23.05,139,-1637,7118,12:05,-3851,,-39.8
2026-10-07,Buy Put,bearish,True,09:20,15:10,22600,1,151.55,-9.9,69,-713,1579,13:10,-3630,9851.0,-39.8
2026-10-07,Sell Call,bearish,False,09:20,15:10,22600,1,-140.7,30.7,68,1928,2181,14:00,-3205,,-39.8
2026-10-07,Bear Call Spread,bearish,True,09:20,15:10,22600,2,-61.5,6.25,124,282,673,13:10,-1212,5753.0,-39.8
2026-10-07,Bear Put Spread,bearish,True,09:20,15:10,22600,2,58.5,0.85,130,-75,494,13:10,-1193,3803.0,-39.8
2026-10-07,Put Ratio Back Spread,bearish,True,09:20,15:10,22600,2,35.25,-12.9,143,-982,530,09:40,-1329,12041.0,-39.8
2026-10-07,Bear Condor,bearish,True,09:20,15:10,22600,4,22.3,1.35,243,-155,130,14:05,-364,1450.0,-39.8
2026-10-07,Bear Butterfly,bearish,True,09:20,15:10,22600,3,20.95,1.2,199,-121,127,14:05,-345,1362.0,-39.8
2026-10-07,Risk Reversal,bearish,False,09:20,15:10,22600,2,-7.4,17.55,127,1014,2938,13:10,-5626,,-39.8
2026-10-07,Short Synthetic Future,bearish,False,09:20,15:10,22600,2,-14.75,22.2,141,1302,3799,13:10,-7212,,-39.8
2026-10-07,Call Ratio Spread,other,False,09:20,15:10,22600,2,-27.5,20.25,144,1172,1316,15:10,-1329,,-39.8
2026-10-07,Put Ratio Spread,other,False,09:20,15:10,22600,2,-34.55,11.6,144,610,1245,12:05,-627,,-39.8
2026-10-07,Long Straddle,other,True,09:20,15:10,22600,2,318.05,-42.25,138,-2884,91,09:40,-2772,20673.0,-39.8
2026-10-07,Long Strangle,other,True,09:20,15:10,22600,2,190.4,-37.65,119,-2566,136,09:40,-2447,12376.0,-39.8
2026-10-07,Long Iron Butterfly,other,True,09:20,15:10,22600,4,160.2,-7.05,255,-714,23,12:05,-458,10413.0,-39.8
2026-10-07,Long Iron Condor,other,True,09:20,15:10,22600,4,103.45,-12.05,226,-1009,221,12:05,-783,6724.0,-39.8
2026-10-07,Strip,other,True,09:20,15:10,22600,2,469.6,-52.15,160,-3550,1193,09:40,-4797,30524.0,-39.8
2026-10-07,Strap,other,True,09:20,15:10,22600,2,484.55,-74.6,159,-5008,3435,12:05,-4849,31496.0,-39.8
2026-10-08,Short Straddle,neutral,False,09:20,15:10,22550,2,-270.05,-101.6,139,-6743,58,10:15,-8011,,-343.2
2026-10-08,Iron Butterfly,neutral,True,09:20,15:10,22550,4,-151.75,-14.95,262,-1234,13,11:10,-1138,3136.0,-343.2
2026-10-08,Short Strangle,neutral,False,09:20,15:10,22550,2,-148.0,-92.35,120,-6123,94,10:15,-7345,,-343.2
2026-10-08,Short Iron Condor,neutral,True,09:20,15:10,22550,4,-89.3,-26.75,231,-1970,26,10:25,-2138,7196.0,-343.2
2026-10-08,Batman,neutral,True,09:20,15:10,22550,6,21.25,-5.25,405,-746,68,09:35,-478,1381.0,-343.2
2026-10-08,Double Plateau,neutral,True,09:20,15:10,22550,8,16.6,-6.45,500,-919,-49,09:35,-578,1079.0,-343.2
2026-10-08,Jade Lizard,neutral,False,09:20,15:10,22550,3,-130.9,-134.65,176,-8928,-247,09:30,-9964,,-343.2
2026-10-08,Reverse Jade Lizard,neutral,False,09:20,15:10,22550,3,-116.1,23.9,198,1356,1557,15:05,221,,-343.2
2026-10-08,Buy Call,bullish,True,09:20,15:10,22550,1,126.75,-87.9,56,-5769,-546,09:30,-5889,8239.0,-343.2
2026-10-08,Sell Put,bullish,False,09:20,15:10,22550,1,-119.45,-173.5,71,-11348,-439,09:30,-12500,,-343.2
2026-10-08,Bull Call Spread,bullish,True,09:20,15:10,22550,2,60.55,-41.45,112,-2806,-224,09:30,-2782,3936.0,-343.2
2026-10-08,Bull Put Spread,bullish,True,09:20,15:10,22550,2,-52.9,-50.9,143,-3452,-214,09:30,-3549,6312.0,-343.2
2026-10-08,Call Ratio Back Spread,bullish,True,09:20,15:10,22550,2,6.2,-5.8,120,-497,-163,09:30,-712,10153.0,-343.2
2026-10-08,Bull Condor,bullish,True,09:20,15:10,22550,4,27.1,-15.85,216,-1246,-146,09:30,-1115,1762.0,-343.2
2026-10-08,Bull Butterfly,bullish,True,09:20,15:10,22550,3,25.15,-14.15,170,-1090,-36,10:15,-1020,1635.0,-343.2
2026-10-08,Range Forward,bullish,False,09:20,15:10,22550,2,-16.25,-215.3,120,-14114,-718,09:30,-15119,,-343.2
2026-10-08,Long Synthetic Future,bullish,False,09:20,15:10,22550,2,-16.7,-277.1,130,-18142,-1092,09:30,-19357,,-343.2
2026-10-08,Buy Put,bearish,True,09:20,15:10,22550,1,143.8,188.15,93,12137,13396,15:05,500,9347.0,-343.2
2026-10-08,Sell Call,bearish,False,09:20,15:10,22550,1,-103.05,71.8,61,4606,4810,15:05,419,,-343.2
2026-10-08,Bear Call Spread,bearish,True,09:20,15:10,22550,2,-51.3,35.85,112,2219,2408,15:05,176,6416.0,-343.2
2026-10-08,Bear Put Spread,bearish,True,09:20,15:10,22550,2,62.0,49.35,156,3051,3393,15:05,244,4030.0,-343.2
2026-10-08,Put Ratio Back Spread,bearish,True,09:20,15:10,22550,2,20.55,87.1,181,5480,6864,14:10,-91,11086.0,-343.2
2026-10-08,Bear Condor,bearish,True,09:20,15:10,22550,4,25.5,3.3,281,-66,458,11:40,-279,1658.0,-343.2
2026-10-08,Bear Butterfly,bearish,True,09:20,15:10,22550,3,24.15,2.55,238,-73,227,11:36,-374,1570.0,-343.2
2026-10-08,Risk Reversal,bearish,False,09:20,15:10,22550,2,16.7,214.05,140,13773,15054,15:05,663,,-343.2
2026-10-08,Short Synthetic Future,bearish,False,09:20,15:10,22550,2,17.2,275.75,157,17767,19266,15:05,1027,,-343.2
2026-10-08,Call Ratio Spread,other,False,09:20,15:10,22550,2,-5.65,5.0,121,204,644,11:10,98,,-343.2
2026-10-08,Put Ratio Spread,other,False,09:20,15:10,22550,2,-19.8,-89.45,173,-5987,-13,09:30,-7039,,-343.2
2026-10-08,Long Straddle,other,True,09:20,15:10,22550,2,270.55,100.25,148,6368,7917,14:10,-133,17586.0,-343.2
2026-10-08,Long Strangle,other,True,09:20,15:10,22550,2,148.4,91.45,129,5816,7280,14:10,-143,9646.0,-343.2
2026-10-08,Long Iron Butterfly,other,True,09:20,15:10,22550,4,152.55,13.05,263,585,985,15:05,-127,9916.0,-343.2
2026-10-08,Long Iron Condor,other,True,09:20,15:10,22550,4,89.85,25.45,234,1420,2057,14:55,-98,5840.0,-343.2
2026-10-08,Strip,other,True,09:20,15:10,22550,2,414.35,288.4,194,18552,21307,14:10,455,26933.0,-343.2
2026-10-08,Strap,other,True,09:20,15:10,22550,2,397.3,12.35,157,646,2444,14:10,-2535,25824.0,-343.2
2026-10-09,Short Straddle,neutral,False,09:21,15:10,22350,2,-257.2,-30.5,135,-2117,-289,09:30,-4111,,192.1
2026-10-09,Iron Butterfly,neutral,True,09:21,15:10,22350,4,-149.2,-14.5,248,-1190,-153,09:30,-1232,3302,192.1
2026-10-09,Short Strangle,neutral,False,09:21,15:10,22350,2,-137.0,-21.25,116,-1497,-195,09:30,-3331,,192.1
2026-10-09,Short Iron Condor,neutral,True,09:21,15:10,22350,4,-84.4,-19.85,219,-1509,-123,09:25,-2122,7514,192.1
2026-10-09,Batman,neutral,True,09:21,15:10,22350,6,23.35,-3.5,377,-604,36,09:25,-484,1518,192.1
2026-10-09,Double Plateau,neutral,True,09:21,15:10,22350,8,18.85,-3.55,472,-703,-75,09:40,-513,1225,192.1
2026-10-09,Jade Lizard,neutral,False,09:21,15:10,22350,3,-114.0,25.55,184,1477,1703,15:05,-884,,192.1
2026-10-09,Reverse Jade Lizard,neutral,False,09:21,15:10,22350,3,-119.8,-61.35,172,-4160,286,09:25,-6068,,192.1
2026-10-09,Buy Call,bullish,True,09:21,15:10,22350,1,141.7,106.1,82,6814,9237,14:20,-1007,9210,192.1
2026-10-09,Sell Put,bullish,False,09:21,15:10,22350,1,-95.9,64.65,60,4142,4456,15:00,-1306,,192.1
2026-10-09,Bull Call Spread,bullish,True,09:21,15:10,22350,2,68.5,40.8,142,2510,2984,14:20,-500,4452,192.1
2026-10-09,Bull Put Spread,bullish,True,09:21,15:10,22350,2,-44.8,29.2,111,1787,2035,15:00,-513,6838,192.1
2026-10-09,Call Ratio Back Spread,bullish,True,09:21,15:10,22350,2,5.4,22.7,158,1318,3156,14:20,-97,10101,192.1
2026-10-09,Bull Condor,bullish,True,09:21,15:10,22350,4,30.5,6.75,255,184,439,15:10,-279,1982,192.1
2026-10-09,Bull Butterfly,bullish,True,09:21,15:10,22350,3,29.35,2.95,211,-20,266,15:00,-250,1908,192.1
2026-10-09,Range Forward,bullish,False,09:21,15:10,22350,2,15.15,132.3,129,8471,10816,14:20,-1768,,192.1
2026-10-09,Long Synthetic Future,bullish,False,09:21,15:10,22350,2,25.8,182.7,145,11731,14430,14:20,-2545,,192.1
2026-10-09,Buy Put,bearish,True,09:21,15:10,22350,1,116.2,-77.05,55,-5064,1498,09:25,-5327,7553,192.1
2026-10-09,Sell Call,bearish,False,09:21,15:10,22350,1,-115.5,-94.1,68,-6184,790,09:25,-8307,,192.1
2026-10-09,Bear Call Spread,bearish,True,09:21,15:10,22350,2,-58.6,-42.65,130,-2902,413,09:25,-3104,5941,192.1
2026-10-09,Bear Put Spread,bearish,True,09:21,15:10,22350,2,52.4,-33.0,111,-2256,618,09:25,-2304,3406,192.1
2026-10-09,Put Ratio Back Spread,bearish,True,09:21,15:10,22350,2,12.1,-12.0,119,-899,166,09:25,-783,10536,192.1
2026-10-09,Bear Condor,bearish,True,09:21,15:10,22350,4,23.95,-13.1,215,-1066,159,09:25,-982,1557,192.1
2026-10-09,Bear Butterfly,bearish,True,09:21,15:10,22350,3,21.3,-11.15,169,-894,270,09:25,-813,1385,192.1
2026-10-09,Risk Reversal,bearish,False,09:21,15:10,22350,2,-14.65,-133.35,116,-8784,1713,09:25,-10874,,192.1
2026-10-09,Short Synthetic Future,bearish,False,09:21,15:10,22350,2,-25.1,-184.15,127,-12097,2460,09:25,-14524,,192.1
2026-10-09,Call Ratio Spread,other,False,09:21,15:10,22350,2,-4.7,-24.5,156,-1748,7,09:25,-3269,,192.1
2026-10-09,Put Ratio Spread,other,False,09:21,15:10,22350,2,-11.4,11.05,120,599,718,15:00,-263,,192.1
2026-10-09,Long Straddle,other,True,09:21,15:10,22350,2,257.9,29.05,138,1751,4017,14:20,202,16764,192.1
2026-10-09,Long Strangle,other,True,09:21,15:10,22350,2,137.35,20.6,118,1221,3292,14:20,150,8928,192.1
2026-10-09,Long Iron Butterfly,other,True,09:21,15:10,22350,4,150.3,12.4,249,557,1105,14:20,20,9769,192.1
2026-10-09,Long Iron Condor,other,True,09:21,15:10,22350,4,84.9,18.95,221,1011,2064,14:20,49,5518,192.1
2026-10-09,Strip,other,True,09:21,15:10,22350,2,374.1,-48.0,146,-3266,1989,09:25,-3120,24316,192.1
2026-10-09,Strap,other,True,09:21,15:10,22350,2,399.6,135.15,172,8612,13254,14:20,-517,25974,192.1
