time,spot,score,trend,session,orb,momentum,prevday,rsi,atr,vix,breadth,pcr,oi_bias,call_wall,put_wall
2026-10-07 09:15:00,22622.7,-2,0,-1,0,-1,0,34.6,29.1,14.06,0.3548387096774194,1.0418087201387713,0.0,23000.0,22600.0
2026-10-07 09:20:00,22618.25,-2,0,-1,0,-1,0,34.0,28.2,14.11,0.3032258064516129,1.044615328898922,0.003306964996120914,22800.0,22600.0
2026-10-07 09:25:00,22624.0,-2,0,-1,0,-1,0,35.5,27.9,14.1,0.35161290322580646,1.0267198294828555,-0.004227827366492219,22800.0,22600.0
2026-10-07 09:30:00,22613.65,-2,0,-1,0,-1,0,34.0,27.4,14.09,0.3032258064516129,1.01584794483669,-0.009024315246827785,22800.0,22600.0
2026-10-07 09:35:00,22587.6,-4,-1,-1,-1,-1,0,30.5,27.5,14.3,0.2129032258064516,0.9453322767509884,-0.04488697161215935,22800.0,22600.0
2026-10-07 09:40:00,22617.1,-3,-1,-1,0,-1,0,38.2,28.5,14.13,0.4161290322580645,0.9505840202732224,-0.04205737069301144,22800.0,22600.0
2026-10-07 09:45:00,22612.55,-3,-1,-1,0,-1,0,37.6,27.6,14.12,0.35161290322580646,0.9699562566550319,-0.03161115792274602,22800.0,22600.0
2026-10-07 09:50:00,22614.1,-3,-1,-1,0,-1,0,38.0,26.7,14.15,0.3951612903225806,0.9665899752657535,-0.033185281908060735,22800.0,22600.0
2026-10-07 09:55:00,22609.4,-3,-1,-1,0,-1,0,37.2,25.6,14.1,0.21612903225806449,0.9694040281943761,-0.03137591080110084,22800.0,22600.0
2026-10-07 10:00:00,22608.9,-3,-1,-1,0,-1,0,37.1,26.8,14.12,0.49516129032258066,0.9244095884156658,-0.05481092652368006,22800.0,22600.0
2026-10-07 10:05:00,22622.8,-1,-1,1,0,-1,0,41.3,26.8,14.04,0.23709677419354838,0.9500901615091306,-0.04055517702721014,22800.0,22600.0
2026-10-07 10:10:00,22611.5,-3,-1,-1,0,-1,0,39.0,26.2,13.97,0.3419354838709677,0.9590464817196399,-0.035608346173576326,22800.0,22600.0
2026-10-07 10:15:00,22656.15,1,0,1,0,0,0,50.7,29.4,13.86,0.6338709677419355,0.8973090178627898,-0.06972566072281484,22800.0,22600.0
2026-10-07 10:20:00,22667.4,1,0,1,0,0,0,53.1,29.5,13.78,0.7951612903225808,0.9162517975599573,-0.058885986079425516,22800.0,22600.0
2026-10-07 10:25:00,22697.9,3,0,1,1,1,0,59.0,29.8,13.67,0.8435483870967743,0.8870099778677308,-0.0747495605868454,22800.0,22600.0
2026-10-07 10:30:00,22657.85,1,0,1,0,0,0,50.1,30.7,13.73,0.7370967741935485,1.0100888376587842,-0.010116880646970632,23000.0,22600.0
2026-10-07 10:35:00,22641.8,0,-1,1,0,0,0,47.0,31.5,13.83,0.6080645161290323,0.9465840517038866,-0.042577604941537436,23000.0,22600.0
2026-10-07 10:40:00,22659.55,1,0,1,0,0,0,50.6,31.0,13.79,0.7693548387096775,0.9301047007547298,-0.051117243555863126,22700.0,22600.0
2026-10-07 10:45:00,22661.6,1,0,1,0,0,0,51.0,29.9,13.78,0.7129032258064517,0.9270763400646416,-0.052544342186453805,22700.0,22600.0
2026-10-07 10:50:00,22680.25,1,0,1,0,0,0,54.8,29.3,13.71,0.817741935483871,0.8616124733498002,-0.08857117177967579,22700.0,22600.0
2026-10-07 10:55:00,22705.1,3,0,1,1,1,0,59.2,29.2,13.68,0.9241935483870969,0.9317930152200885,-0.04955028610724275,22700.0,22600.0
2026-10-07 11:00:00,22693.85,3,0,1,1,1,0,56.5,28.3,13.7,0.8435483870967743,0.9753206242257337,-0.02664177309825214,23000.0,22600.0
2026-10-07 11:05:00,22697.95,3,0,1,1,1,0,57.3,27.7,13.7,0.8822580645161291,0.9503502697759647,-0.03943252182462659,22700.0,22600.0
2026-10-07 11:10:00,22690.6,3,1,1,0,1,0,55.4,26.5,13.71,0.7790322580645161,0.9800445012263669,-0.023945766681570304,22700.0,22600.0
2026-10-07 11:15:00,22678.4,2,1,1,0,0,0,52.3,26.1,13.7,0.5274193548387097,0.9940054947427986,-0.01686707684337506,22700.0,22600.0
2026-10-07 11:20:00,22684.35,2,1,1,0,0,0,53.7,25.1,13.69,0.7370967741935485,0.987294380297659,-0.020218587185547796,22700.0,22600.0
2026-10-07 11:25:00,22685.2,2,1,1,0,0,0,53.9,24.4,13.72,0.603225806451613,0.9624150625311796,-0.03289615843313056,22700.0,22600.0
2026-10-07 11:30:00,22671.35,1,0,1,0,0,0,50.0,24.6,13.72,0.5274193548387097,0.9586705320606214,-0.03504243141547574,22700.0,22600.0
2026-10-07 11:35:00,22690.05,2,1,1,0,0,0,54.7,24.7,13.69,0.603225806451613,0.9516380018513598,-0.03873228626385385,22700.0,22600.0
2026-10-07 11:40:00,22673.2,1,0,1,0,0,0,50.2,24.6,13.83,0.5467741935483871,1.042859610765707,0.006723794749902478,22700.0,22600.0
2026-10-07 11:45:00,22685.65,2,1,1,0,0,0,53.3,24.2,13.77,0.603225806451613,0.9554832749693858,-0.036545059275857626,22700.0,22600.0
2026-10-07 11:50:00,22687.85,2,1,1,0,0,0,53.8,23.2,13.78,0.603225806451613,0.971066778758293,-0.028354009949372202,22700.0,22600.0
2026-10-07 11:55:00,22686.8,2,1,1,0,0,0,53.5,22.4,13.78,0.5467741935483871,0.9749350416821227,-0.026293575371012044,22700.0,22600.0
2026-10-07 12:00:00,22714.2,4,1,1,1,1,0,60.2,23.1,13.71,0.603225806451613,0.9944087431046249,-0.016507016968070207,22700.0,22600.0
2026-10-07 12:05:00,22696.0,3,1,1,1,0,0,54.6,23.1,13.72,0.603225806451613,1.002796444396553,-0.012209334615344564,23000.0,22600.0
2026-10-07 12:10:00,22674.75,1,0,1,0,0,0,48.8,23.8,13.74,0.5548387096774193,0.973367806324468,-0.02717660429878122,23000.0,22600.0
2026-10-07 12:15:00,22670.95,1,0,1,0,0,0,47.9,23.6,13.76,0.5548387096774193,1.0540744074298551,0.012474523983896773,22700.0,22600.0
2026-10-07 12:20:00,22664.2,1,0,1,0,0,0,46.1,22.9,13.82,0.5548387096774193,1.0579594457958905,0.014420348197368819,22700.0,22600.0
2026-10-07 12:25:00,22648.9,-2,0,-1,0,-1,0,42.4,22.7,13.81,0.5548387096774193,1.0225445232798853,-0.0027653576508524114,22700.0,22600.0
2026-10-07 12:30:00,22660.25,1,0,1,0,0,0,45.9,22.1,13.77,0.5064516129032258,0.9664631348176266,-0.030861112664416112,22700.0,22600.0
2026-10-07 12:35:00,22661.65,1,0,1,0,0,0,46.3,21.4,13.79,0.44999999999999996,0.9640372551118724,-0.03198417623129354,22700.0,22600.0
2026-10-07 12:40:00,22667.15,1,0,1,0,0,0,48.1,21.0,13.77,0.44999999999999996,0.9498000685091792,-0.03938203219513638,22700.0,22600.0
2026-10-07 12:45:00,22655.35,-3,-1,-1,0,-1,0,44.7,20.5,13.79,0.44999999999999996,0.9652092065070683,-0.031197217312871995,22700.0,22600.0
2026-10-07 12:50:00,22652.4,-3,-1,-1,0,-1,0,43.9,20.3,13.78,0.44999999999999996,0.9436623741001151,-0.04253749469486048,22700.0,22600.0
2026-10-07 12:55:00,22621.55,-3,-1,-1,0,-1,0,36.2,21.2,13.85,0.3129032258064516,1.025088622965589,-0.0007964083413471748,22700.0,22600.0
2026-10-07 13:00:00,22612.75,-3,-1,-1,0,-1,0,34.4,21.0,13.9,0.264516129032258,0.9768215607513756,-0.024905863729183464,22700.0,22600.0
2026-10-07 13:05:00,22565.65,-4,-1,-1,-1,-1,0,26.6,23.1,14.17,0.264516129032258,0.968462389857046,-0.030025581432738875,22700.0,22600.0
2026-10-07 13:10:00,22578.0,-4,-1,-1,-1,-1,0,31.0,23.8,14.03,0.264516129032258,0.8159055078472695,-0.11454956084476742,22700.0,22600.0
2026-10-07 13:15:00,22583.4,-4,-1,-1,-1,-1,0,32.9,23.7,13.99,0.264516129032258,0.8005915035856633,-0.12376878054817585,22700.0,22600.0
2026-10-07 13:20:00,22571.6,-4,-1,-1,-1,-1,0,30.9,23.3,14.12,0.264516129032258,0.8863456869689018,-0.07374387687308302,22700.0,22600.0
2026-10-07 13:25:00,22593.7,-4,-1,-1,-1,-1,0,38.5,23.9,13.99,0.264516129032258,0.7790367634625308,-0.13699551066446652,22700.0,22600.0
2026-10-07 13:30:00,22593.25,-4,-1,-1,-1,-1,0,38.4,23.4,13.88,0.264516129032258,0.7962219923558449,-0.12622780916174578,22700.0,22600.0
2026-10-07 13:35:00,22595.65,-4,-1,-1,-1,-1,0,39.2,22.5,13.94,0.264516129032258,0.7995306900529184,-0.12418664428944576,22700.0,22600.0
2026-10-07 13:40:00,22603.6,-3,-1,-1,0,-1,0,42.0,21.6,13.93,0.264516129032258,0.8025078094064851,-0.12232156514324583,22700.0,22600.0
2026-10-07 13:45:00,22605.1,-3,-1,-1,0,-1,0,42.5,20.9,13.92,0.264516129032258,0.7997514532733618,-0.12402360160951877,22700.0,22600.0
2026-10-07 13:50:00,22575.6,-4,-1,-1,-1,-1,0,35.6,22.0,13.95,0.264516129032258,0.8222370623655371,-0.11034891142703697,22700.0,22600.0
2026-10-07 13:55:00,22563.1,-4,-1,-1,-1,-1,0,33.1,22.4,14.13,0.264516129032258,0.8793106635301531,-0.07762978282289186,22700.0,22600.0
2026-10-07 14:00:00,22571.0,-4,-1,-1,-1,-1,0,36.1,22.9,14.04,0.18870967741935482,0.850644820538184,-0.09409130864857411,22700.0,22600.0
2026-10-07 14:05:00,22566.05,-4,-1,-1,-1,-1,0,35.0,22.2,14.04,0.18870967741935482,0.852748090525335,-0.09275219119997832,22700.0,22600.0
2026-10-07 14:10:00,22559.3,-5,-1,-1,-1,-1,-1,33.6,21.5,14.04,0.18870967741935482,0.8603841019407935,-0.08829817400245021,22700.0,22600.0
2026-10-07 14:15:00,22578.8,-4,-1,-1,-1,-1,0,41.2,21.8,13.88,0.18870967741935482,0.7650372966329597,-0.14583712684516753,22800.0,22600.0
2026-10-07 14:20:00,22585.25,-4,-1,-1,-1,-1,0,43.5,21.2,13.88,0.23709677419354838,0.772643265310863,-0.14109948340782935,22800.0,22600.0
2026-10-07 14:25:00,22639.85,2,0,1,0,1,0,58.4,24.3,13.69,0.5435483870967742,0.7098681637602093,-0.18352645183282276,22800.0,22600.0
2026-10-07 14:30:00,22629.4,0,0,-1,0,1,0,55.4,23.9,13.73,0.5370967741935485,0.7430360460852261,-0.16122443051278937,22800.0,22600.0
2026-10-07 14:35:00,22609.8,-1,0,-1,0,0,0,50.2,23.9,13.69,0.49516129032258066,0.8708580354628995,-0.08235880788485607,22800.0,22600.0
2026-10-07 14:40:00,22620.3,-1,0,-1,0,0,0,52.8,23.2,13.68,0.2854838709677419,0.8554232738499498,-0.09125201778241833,22800.0,22600.0
2026-10-07 14:45:00,22612.25,-1,0,-1,0,0,0,50.6,23.1,13.75,0.4467741935483871,0.8736366777873189,-0.08086127759800142,22800.0,22600.0
2026-10-07 14:50:00,22602.2,-2,-1,-1,0,0,0,48.0,23.8,13.79,0.18870967741935482,0.8380073927222261,-0.10173445551923072,22800.0,22600.0
2026-10-07 14:55:00,22593.75,-3,-1,-1,-1,0,0,45.8,23.2,13.85,0.23709677419354838,0.8395653713855402,-0.1008111325283441,22800.0,22600.0
2026-10-07 15:00:00,22596.15,-3,-1,-1,-1,0,0,46.5,22.2,13.86,0.18870967741935482,0.8221447267594594,-0.11131535715565938,22800.0,22600.0
2026-10-07 15:05:00,22582.8,-4,-1,-1,-1,-1,0,43.0,22.2,13.89,0.18870967741935482,0.8174546878460398,-0.11428428886283042,22800.0,22600.0
